Number,Title,Gender,GivenName,Surname,StreetAddress,Postcode,City,Country,CountryFull,TelephoneNumber,Birthday
1,CEO,male,Steven,Hermans,Perksesteenweg 399,9080,Lochristi,BE,Belgium,0486 76 61 61,2/3/1987
2,System Engineer,male,Robbe,Van Neygen,Gracht 12,9060,Zelzate,BE,Belgium,0486 44 27 75,12/05/1970
3,System Engineer,male,Jens,Verfaillie,Holstraat 85,9300,Aalst,BE,Belgium,0496 01 30 90,16/09/1980
4,System Engineer,male,Thomas,Croux,Van Cauwelaertplein 10,9052,Zwijnaarde,BE,Belgium,0442 12 25 81,26/06/1991
5,System Engineer,female,Josey,Heinkens,Ringlaan 125,9031,Drongen,BE,Belgium,0471 08 31 25,28/02/1980
6,CTO,male,Wim,Van Melckebeke,Meersstraat 152,9000,Gent,BE,Belgium,0499 51 53 38,6/1/1978
7,System Engineer,male,Steven,Watteyne,Wijteveldstraat 3,9250,Waasmunster,BE,Belgium,0477 64 59 55,9/29/1986
8,System Administrator,male,Stefaan,Vernimmen,Schietboompleinstraat 82,9830,Sint-Martens-Latem,BE,Belgium,0492 30 45 97,6/15/1988
9,Software Engineer,male,Alexander,De Coninck,Hammersweg 25,8310,Brugge,BE,Belgium,0489 69 39 54,10/24/1976
10,CFO,male,Sven,Aerens,Reukenstraat 23,9000,Gent,BE,Belgium,0489 30 46 47,11/6/1984
11,Support Specialist,male,Ronald,Vanderveken,Mimosastraat 7,9000,Gent,BE,Belgium,0488 47 24 72,6/9/1976
12,System Administrator,male,Christophe,Van der Meersche,Berkendreef 77,9052,Zwijnaarde,BE,Belgium,0499 59 30 69,5/1/1982
13,Office Manager,female,Evy,Tilleman,Wolvertemsesteenweg 93,9960,Assenede,BE,Belgium,0480 75 44 69,1/4/1983
14,System Engineer,male,Kris,Vanhaverbeke,Berkendreef 306,9000,Gent,BE,Belgium,0498 90 75 25,1/17/1987
15,Graphical Designer,female,An,Coppens,Industrieweg 247,9255,Buggenhout,BE,Belgium,0496 54 32 23,1/1/1987
16,Account Manager,male,Benoit,Pluquet,Weerschede 9,9000,Gent,BE,Belgium,0494 23 14 30,1/16/1974
17,Technical Writer,male,Steven,Van Daele,Herentalsebaan 2,2970,'s Gravenwezel,BE,Belgium,0486 51 22 21,1/8/1978
18,System Engineer,female,Leen,De Meester,Putstraat 185,9667,Horebeke,BE,Belgium,0479 16 26 50,1/27/1971
19,Support Specialist,male,Wouter,Meyers,Simoenstraat 7,9790,Moregem,BE,Belgium,0478 56 50 02,6/30/1980
20,Software Engineer,male,Lukáš,Čech,Václava Haňky 285,252 28,Praha-západ,CZ,Czech Republic,537611263,9/18/1985
21,Office Manager,female,Renáta,Kotasová,Havlíčkova 892,271 01,Nové Strašecí,CZ,Czech Republic,739128660,11/9/1993
22,Software Engineer,male,Josef,Ručka,Erbenova 730,252 28,Praha-západ,CZ,Czech Republic,494350292,5/12/1984
23,Software Engineer,male,Ondřej,Šťastný,Partyzánská 375,682 01,Vyškov 1,CZ,Czech Republic,779113845,5/3/1982
24,System Administrator,female,Kristína,Vašák,Velký průhon 1368,289 04,Opocnice,CZ,Czech Republic,772759131,8/19/1974
25,Software Engineer,male,Petr,Krmela,Luční 106,252 18,Praha-západ,CZ,Czech Republic,561197085,12/11/1992
26,Account Manager,male,Roman,Novotný,Masarykova 1434,583 01,Chotebor,CZ,Czech Republic,778341257,11/21/1990